,dist,curvature
0,0.0,7.383522708146645e-05
1,0.01,0.009246603811645512
2,0.02,0.018381594078924375
3,0.03,0.027344578846510488
4,0.04,0.03614826481659028
5,0.05,0.04480468067893157
6,0.06,0.053325230733087994
7,0.07,0.06172074405426028
8,0.08,0.0700015196302984
9,0.09,0.07817736785213288
10,0.1,0.08625764869985443
11,0.11,0.0942513069311625
12,0.12,0.10216690454737062
13,0.13,0.1100126507841245
14,0.14,0.11779642984897495
15,0.15,0.1255258266057144
16,0.16,0.13320815038543596
17,0.17,0.14085045708630983
18,0.18,0.14845956970926727
19,0.19,0.15604209745908698
20,0.2,0.16360445353283562
21,0.21,0.1711528717008621
22,0.22,0.17869342177797962
23,0.23,0.1862320240720233
24,0.24,0.19377446288848857
25,0.25,0.20132639916204226
26,0.26,0.20889338227860202
27,0.27,0.2164808611450331
28,0.28,0.2240941945575155
29,0.29,0.23173866091405923
30,0.3,0.23941946731142538
31,0.31,0.2471417580619694
32,0.32,0.2549106226613236
33,0.33,0.2627311032336588
34,0.34,0.27060820147718384
35,0.35000000000000003,0.2785468851287143
36,0.36,0.28655209396246395
37,0.37,0.2946287453345976
38,0.38,0.3027817392816717
39,0.39,0.3110159631774807
40,0.4,0.3193362959500443
41,0.41000000000000003,0.32774761185584766
42,0.42,0.3362547838069422
43,0.43,0.3448626862411461
44,0.44,0.35357619752372466
45,0.45,0.3624002018645031
46,0.46,0.37133959073116596
47,0.47000000000000003,0.38039926373572064
48,0.48,0.38958412896735745
49,0.49,0.3988991027409783
50,0.5,0.4083491087266733
51,0.51,0.417939076421222
52,0.52,0.42767393891834027
53,0.53,0.43755862992996025
54,0.54,0.4475980800061194
55,0.55,0.45779721189631634
56,0.56,0.46816093499022293
57,0.5700000000000001,0.4786941387705567
58,0.58,0.48940168520584454
59,0.59,0.5002884000054109
60,0.6,0.5113590626537964
61,0.61,0.5226183951362865
62,0.62,0.5340710492623749
63,0.63,0.5457215924881973
64,0.64,0.5575744921348099
65,0.65,0.5696340978939572
66,0.66,0.5819046225090762
67,0.67,0.5943901205154418
68,0.68,0.607094464920553
69,0.6900000000000001,0.6200213217036638
70,0.7000000000000001,0.6331741220124363
71,0.71,0.646556031935109
72,0.72,0.6601699197284688
73,0.73,0.674018320385817
74,0.74,0.6881033974353257
75,0.75,0.7024269018677636
76,0.76,0.7169901281044383
77,0.77,0.7317938669313697
78,0.78,0.7468383553448033
79,0.79,0.7621232232767092
80,0.8,0.7776474371974411
81,0.81,0.793409240626597
82,0.8200000000000001,0.8094060916230508
83,0.8300000000000001,0.8256345973716539
84,0.84,0.8420904460374842
85,0.85,0.8587683361194683
86,0.86,0.8756619036039056
87,0.87,0.8927636472953281
88,0.88,0.9100648527869682
89,0.89,0.9275555156263199
90,0.9,0.9452242643321876
91,0.91,0.963058284027783
92,0.92,0.9810432415688879
93,0.93,0.9991632131656867
94,0.9400000000000001,1.0174006156197375
95,0.9500000000000001,1.0357361424215499
96,0.96,1.054148706076516
97,0.97,1.072615388144489
98,0.98,1.091111398586941
99,0.99,1.1096100461110765
100,1.0,1.1280827212775801
101,1.01,1.1464988941922636
102,1.02,1.1648261286260995
103,1.03,1.1830301143967352
104,1.04,1.2010747197916387
105,1.05,1.2189220657125204
106,1.06,1.2365326230672908
107,1.07,1.2538653347248239
108,1.08,1.270877763075922
109,1.09,1.2875262639090768
110,1.1,1.303766186912055
111,1.11,1.31955210265234
112,1.12,1.3348380553755252
113,1.1300000000000001,1.337520078565184
114,1.1400000000000001,1.322630863958247
115,1.1500000000000001,1.3072393936653244
116,1.16,1.2913906014289078
117,1.17,1.2751289817202844
118,1.18,1.2584983396736047
119,1.19,1.2415415654672788
120,1.2,1.2243004339269508
121,1.21,1.2068154296224824
122,1.22,1.1891255972829702
123,1.23,1.1712684169610332
124,1.24,1.1532797030434374
125,1.25,1.135193525930148
126,1.26,1.117042154986914
127,1.27,1.0988560212147531
128,1.28,1.080663697969102
129,1.29,1.0624918979971967
130,1.3,1.044365485038957
131,1.31,1.0263074982487208
132,1.32,1.0083391877368053
133,1.33,0.9904800595956093
134,1.34,0.9727479288596556
135,1.35,0.9551589789474982
136,1.36,0.9377278262418817
137,1.37,0.9204675885788178
138,1.3800000000000001,0.9033899565331481
139,1.3900000000000001,0.8865052665050014
140,1.4000000000000001,0.869822574725952
141,1.41,0.8533497314140606
142,1.42,0.8370934544117735
143,1.43,0.8210594017389564
144,1.44,0.8052522425844701
145,1.45,0.7896757263434633
146,1.46,0.7743327493833967
147,1.47,0.7592254192901257
148,1.48,0.7443551164063006
149,1.49,0.7297225525279589
150,1.5,0.7153278266721053
151,1.51,0.7011704778685895
152,1.52,0.6872495349644069
153,1.53,0.6735635634577601
154,1.54,0.660110709403687
155,1.55,0.6468887404532265
156,1.56,0.6338950841041463
157,1.57,0.6211268632540078
158,1.58,0.6085809291560496
159,1.59,0.5962538918853403
160,1.6,0.5841421484274092
161,1.61,0.572241908504427
162,1.62,0.5605492182550498
163,1.6300000000000001,0.5490599818838522
164,1.6400000000000001,0.5377699813949116
165,1.6500000000000001,0.5266748945216718
166,1.6600000000000001,0.515770310962213
167,1.67,0.5050517470253433
168,1.68,0.4945146587887104
169,1.69,0.4841544538657719
170,1.7,0.47396650187359934
171,1.71,0.46394614368869214
172,1.72,0.45408869957300485
173,1.73,0.44438947624734176
174,1.74,0.43484377298439053
175,1.75,0.4254468867886676
176,1.76,0.41619411672589907
177,1.77,0.4070807674596142
178,1.78,0.3981021520481393
179,1.79,0.38925359405079324
180,1.8,0.3805304289876996
181,1.81,0.37192800519355357
182,1.82,0.3634416841016487
183,1.83,0.35506683999056965
184,1.84,0.3467988592222824
185,1.85,0.3386331389966967
186,1.86,0.33056508564430226
187,1.87,0.32259011247509944
188,1.8800000000000001,0.31470363719870853
189,1.8900000000000001,0.30690107892738266
190,1.9000000000000001,0.29917785477038084
191,1.9100000000000001,0.29152937602514983
192,1.92,0.283951043967556
193,1.93,0.27643824524037364
194,1.94,0.2689863468361003
195,1.95,0.26159069066700336
196,1.96,0.2542465877121092
197,1.97,0.2469493117275171
198,1.98,0.23969409250301135
199,1.99,0.23247610864438267
200,2.0,0.2252904798571174
201,2.0100000000000002,0.2181322587031791
202,2.02,0.21099642179837444
203,2.0300000000000002,0.20387786041334388
204,2.04,0.19677137043635914
205,2.05,0.18967164165089243
206,2.06,0.18257324627528493
207,2.07,0.17547062670563787
208,2.08,0.16835808239633024
209,2.09,0.1612297558051382
210,2.1,0.15407961732177716
211,2.11,0.14690144908969363
212,2.12,0.13968882762093218
213,2.13,0.13243510509287743
214,2.14,0.12513338920332104
215,2.15,0.11777652144661357
216,2.16,0.11035705365832693
217,2.17,0.10286722265871892
218,2.18,0.09529892280606815
219,2.19,0.0876436762493891
220,2.2,0.07989260064577199
221,2.21,0.07203637408023716
222,2.22,0.06406519689516428
223,2.23,0.05596875010237253
224,2.24,0.047736149994789256
225,2.25,0.03999149331694216
226,2.2600000000000002,0.040004362513134516
227,2.27,0.04000640353394193
228,2.2800000000000002,0.039997327633613404
229,2.29,0.039976849231667125
230,2.3000000000000003,0.039944686574895645
231,2.31,0.03990056242330437
232,2.32,0.03984420475725436
233,2.33,0.03977534750437256
234,2.34,0.03969373128459209
235,2.35,0.03959910417149021
236,2.36,0.03949122246789936
237,2.37,0.039369851493570675
238,2.38,0.039234766382476076
239,2.39,0.03908575288714402
240,2.4,0.03892260818723731
241,2.41,0.038745141699400465
242,2.42,0.038553175885232105
243,2.43,0.038346547054075295
244,2.44,0.0381251061571679
245,2.45,0.037888719569560636
246,2.46,0.03763726985608624
247,2.47,0.03737065651756712
248,2.48,0.03708879671336153
249,2.49,0.03679162595629244
250,2.5,0.03647909877596499
251,2.5100000000000002,0.03615118934646997
252,2.52,0.03580789207448723
253,2.5300000000000002,0.03544922214384674
254,2.54,0.03507521601268311
255,2.5500000000000003,0.034685931859422
256,2.56,0.034281449973974774
257,2.57,0.033861873090685765
258,2.58,0.03342732665977532
259,2.59,0.03297795905425351
260,2.6,0.03251394170953817
261,2.61,0.03203546919330431
262,2.62,0.031542759203406455
263,2.63,0.031036052492065338
264,2.64,0.030515612714871746
265,2.65,0.029981726203559107
266,2.66,0.02943470166189829
267,2.67,0.02887486978449828
268,2.68,0.028302582798731584
269,2.69,0.027718213930450472
270,2.7,0.02712215679461152
271,2.71,0.026514824712378947
272,2.72,0.02589664995672756
273,2.73,0.02526808292900724
274,2.74,0.024629591269364662
275,2.75,0.02398165890433385
276,2.7600000000000002,0.023324785035302133
277,2.77,0.022659483071935736
278,2.7800000000000002,0.021986279515013037
279,2.79,0.021305712793279967
280,2.8000000000000003,0.020618332059755894
281,2.81,0.019924695952108377
282,2.82,0.019225371323246365
283,2.83,0.018520931947396083
284,2.84,0.01781195720757713
285,2.85,0.017099030770334332
286,2.86,0.016382739253639155
287,2.87,0.015663670893873518
288,2.88,0.014942414217767937
289,2.89,0.014219556725073532
290,2.9,0.013495683587625392
291,2.91,0.012771376370285612
292,2.92,0.01204721177905139
293,2.93,0.011323760441375954
294,2.94,0.010601585723477934
295,2.95,0.00988124258912049
296,2.96,0.009163276504011617
297,2.97,0.008448222389635131
298,2.98,0.00773660362995671
299,2.99,0.0070289311340673835
300,3.0,0.0063257024574404535
301,3.0100000000000002,0.005627400984077815
302,3.02,0.004934495171422278
303,3.0300000000000002,0.004247437859510194
304,3.04,0.0035666656454433313
305,3.0500000000000003,0.0028925983238440836
306,3.06,0.002225638393746369
307,3.0700000000000003,0.0015661706314451748
308,3.08,0.0009145617295316464
309,3.09,0.00027116000078881053
310,3.1,0.000363704853840893
311,3.11,0.000989721914639851
312,3.12,0.0016065991514857432
313,3.13,0.0022140634731768623
314,3.14,0.002811860719378197
315,3.15,0.003399755598517421
316,3.16,0.003977531572882014
317,3.17,0.004544990694400543
318,3.18,0.005101953393562379
319,3.19,0.005648258224385272
320,3.2,0.0061837615683731795
321,3.21,0.006708337300457637
322,3.22,0.007221876419953641
323,3.23,0.007724286649564614
324,3.24,0.008215492005476421
325,3.25,0.008695432341495033
326,3.2600000000000002,0.009164062869828911
327,3.27,0.006978621835565981
328,3.2800000000000002,0.0009637231487919815
329,3.29,0.004940193383989561
330,3.3000000000000003,0.010737606522500788
331,3.31,0.016432800725634116
332,3.3200000000000003,0.022029875873643467
333,3.33,0.027532756508230668
334,3.34,0.032945200537461784
335,3.35,0.03827080744027617
336,3.36,0.043513026005113684
337,3.37,0.04867516162668741
338,3.38,0.05376038319074972
339,3.39,0.058771729570932914
340,3.4,0.06371211576126105
341,3.41,0.06858433866623609
342,3.42,0.07339108256900474
343,3.43,0.0781349242967246
344,3.44,0.08281833810105485
345,3.45,0.08744370027052646
346,3.46,0.09201329349044532
347,3.47,0.09652931096500905
348,3.48,0.10099386031536392
349,3.49,0.10540896726645829
350,3.5,0.10977657913472996
351,3.5100000000000002,0.11409856812792118
352,3.52,0.11837673446758783
353,3.5300000000000002,0.12261280934421999
354,3.54,0.12680845771398497
355,3.5500000000000003,0.13096528094768797
356,3.56,0.13508481933507543
357,3.5700000000000003,0.1391685544594938
358,3.58,0.14321791144415427
359,3.59,0.14723426107937043
360,3.6,0.15121892183669874
361,3.61,0.15517316177595333
362,3.62,0.15909820035075334
363,3.63,0.16299521011789764
364,3.64,0.16686531835482146
365,3.65,0.17070960859378215
366,3.66,0.17452912206853327
367,3.67,0.1783248590879533
368,3.68,0.18209778033366678
369,3.69,0.18584880808786663
370,3.7,0.18957882739451445
371,3.71,0.1932886871572068
372,3.72,0.19697920117688492
373,3.73,0.20065114913234952
374,3.74,0.20430527750641192
375,3.75,0.20794230046035017
376,3.7600000000000002,0.2115629006592161
377,3.77,0.21516773005039366
378,3.7800000000000002,0.21875741059770698
379,3.79,0.22233253497325844
380,3.8000000000000003,0.22589366720906523
381,3.81,0.22944134331048455
382,3.8200000000000003,0.2329760718333108
383,3.83,0.2364983344263525
384,3.84,0.24000858634121894
385,3.85,0.24350725691097702
386,3.86,0.24699474999925694
387,3.87,0.25047144442135716
388,3.88,0.2539376943387933
389,3.89,0.2573938296287329
390,3.9,0.26084015622967455
391,3.91,0.2642769564646988
392,3.92,0.26770448934357594
393,3.93,0.2711229908449818
394,3.94,0.27453267418002514
395,3.95,0.2779337300382771
396,3.96,0.2813263268174497
397,3.97,0.2847106108378515
398,3.98,0.28808670654272633
399,3.99,0.2914547166855537
400,4.0,0.29481472250537644
401,4.01,0.2981667838912068
402,4.0200000000000005,0.30151093953652836
403,4.03,0.30484720708493324
404,4.04,0.30817558326788297
405,4.05,0.31149604403559766
406,4.0600000000000005,0.31480854468206015
407,4.07,0.3181130199651091
408,4.08,0.3214093842226047
409,4.09,0.32469753148561425
410,4.1,0.3279773355896012
411,4.11,0.3312486502845469
412,4.12,0.3345113093449805
413,4.13,0.33776512668084535
414,4.14,0.3410098964501581
415,4.15,0.3442453931743838
416,4.16,0.347471371857474
417,4.17,0.3506875681094941
418,4.18,0.35389369827575873
419,4.19,0.35708945957239924
420,4.2,0.36027453022927414
421,4.21,0.36344856964113026
422,4.22,0.36661121852790696
423,4.23,0.3697620991050749
424,4.24,0.37290081526488367
425,4.25,0.37602695276939224
426,4.26,0.37914007945611605
427,4.2700000000000005,0.3822397454571489
428,4.28,0.3853254834325594
429,4.29,0.388396808818875
430,4.3,0.39145322009343214
431,4.3100000000000005,0.3944941990553346
432,4.32,0.3975192111237722
433,4.33,0.4005277056542688
434,4.34,0.40351911627110526
435,4.3500000000000005,0.4055110745500112
436,4.36,0.4044314554644932
437,4.37,0.40337446688933265
438,4.38,0.40233991744368613
439,4.39,0.4013276178425192
440,4.4,0.4003373809054793
441,4.41,0.3993690215655677
442,4.42,0.39842235687558575
443,4.43,0.3974972060124632
444,4.44,0.39659339027956775
445,4.45,0.3957107331071007
446,4.46,0.39484906005066345
447,4.47,0.39400819878809273
448,4.48,0.393187979114641
449,4.49,0.39238823293659275
450,4.5,0.39160879426338363
451,4.51,0.3908494991983045
452,4.5200000000000005,0.39011018592785524
453,4.53,0.3893906947098196
454,4.54,0.38869086786011875
455,4.55,0.38801054973851123
456,4.5600000000000005,0.38734958673319003
457,4.57,0.3867078272443375
458,4.58,0.3860851216666832
459,4.59,0.38548132237112165
460,4.6000000000000005,0.3848962836854305
461,4.61,0.38432986187412177
462,4.62,0.3837819151175498
463,4.63,0.3832523034901138
464,4.64,0.38274088893786046
465,4.65,0.382247535255318
466,4.66,0.38177210806168327
467,4.67,0.38131447477637076
468,4.68,0.38087450459395966
469,4.69,0.3804520684585642
470,4.7,0.3800470390376555
471,4.71,0.37965929069535526
472,4.72,0.3792886994652308
473,4.73,0.3789351430226086
474,4.74,0.3785985006564263
475,4.75,0.37827865324064686
476,4.76,0.37797548320524554
477,4.7700000000000005,0.37768887450679306
478,4.78,0.37741871259864535
479,4.79,0.3771648844007564
480,4.8,0.3769272782691254
481,4.8100000000000005,0.37670578396489374
482,4.82,0.37650029262309803
483,4.83,0.37631069672109346
484,4.84,0.3761368900466557
485,4.8500000000000005,0.37597876766576743
486,4.86,0.37583622589010124
487,4.87,0.3757091622442018
488,4.88,0.37559747543237765
489,4.89,0.3755010653053025
490,4.9,0.3754198328263387
491,4.91,0.3753536800375785
492,4.92,0.37530251002561393
493,4.93,0.3752662268870349
494,4.94,0.3752447356936587
495,4.95,0.3752379424574931
496,4.96,0.3752457540954373
497,4.97,0.3752680783937166
498,4.98,0.37530482397205867
499,4.99,0.375355900247606
500,5.0,0.3754212173985691
501,5.01,0.37550068632761907
502,5.0200000000000005,0.3755942186250173
503,5.03,0.3757017265314864
504,5.04,0.3758231229008176
505,5.05,0.37595832116221534
506,5.0600000000000005,0.376107235282379
507,5.07,0.3762697797273194
508,5.08,0.37644586942390773
509,5.09,0.376635419721161
510,5.1000000000000005,0.37683834635125435
511,5.11,0.37705456539026627
512,5.12,0.377283993218652
513,5.13,0.37752654648144324
514,5.14,0.3777821420481756
515,5.15,0.378050696972539
516,5.16,0.3783321284517539
517,5.17,0.3786263537856636
518,5.18,0.37893329033557216
519,5.19,0.3792528554827598
520,5.2,0.37958496658676083
521,5.21,0.37992954094334325
522,5.22,0.38028649574220974
523,5.23,0.3806557480244233
524,5.24,0.38103721463955126
525,5.25,0.3814308122025317
526,5.26,0.38183645705026636
527,5.2700000000000005,0.38225406519793353
528,5.28,0.3826835522950347
529,5.29,0.3831248335811633
530,5.3,0.3835778238415124
531,5.3100000000000005,0.38404243736211396
532,5.32,0.3845185878848202
533,5.33,0.38500618856202795
534,5.34,0.385505151911153
535,5.3500000000000005,0.3860153897688588
536,5.36,0.3865368132450443
537,5.37,0.38706933267660465
538,5.38,0.38761285758096115
539,5.39,0.3881672966093794
540,5.4,0.38873255750007785
541,5.41,0.3893085470311391
542,5.42,0.38989517097323345
543,5.43,0.3904923340421701
544,5.44,0.3910999398512787
545,5.45,0.3917178908636485
546,5.46,0.3923460883442077
547,5.47,0.39298443231071983
548,5.48,0.3936143253309765
549,5.49,0.3936389043225392
550,5.5,0.3937217582341724
551,5.51,0.39386284910967445
552,5.5200000000000005,0.3940621691648618
553,5.53,0.39431974070336145
554,5.54,0.39463561606036945
555,5.55,0.3950098775737879
556,5.5600000000000005,0.39544263758253617
557,5.57,0.395934038451867
558,5.58,0.39648425262542614
559,5.59,0.3970934827040851
560,5.6000000000000005,0.39776196155122007
561,5.61,0.3984899524244594
562,5.62,0.3992777491337725
563,5.63,0.40012567622583306
564,5.64,0.4010340891946126
565,5.65,0.402003374718162
566,5.66,0.4030339509215647
567,5.67,0.40412626766604726
568,5.68,0.40528080686424933
569,5.69,0.40649808282165634
570,5.7,0.40777864260421337
571,5.71,0.40912306643212787
572,5.72,0.41053196809988374
573,5.73,0.4120059954224758
574,5.74,0.4135458307078694
575,5.75,0.4151521912556905
576,5.76,0.41682582988212136
577,5.7700000000000005,0.4185675354709743
578,5.78,0.4203781335508927
579,5.79,0.42225848689858625
580,5.8,0.42420949616800097
581,5.8100000000000005,0.42623210054526633
582,5.82,0.4283272784292232
583,5.83,0.4304960481372905
584,5.84,0.4327394686363681
585,5.8500000000000005,0.43505864029839186
586,5.86,0.43745470568010814
587,5.87,0.4399288503265232
588,5.88,0.44248230359739865
589,5.89,0.4451163395160501
590,5.9,0.4478322776395921
591,5.91,0.45063148394962244
592,5.92,0.45351537176220236
593,5.93,0.4564854026558092
594,5.94,0.4595430874157546
595,5.95,0.46268998699335745
596,5.96,0.4659277134779267
597,5.97,0.46925793107936165
598,5.98,0.47268235711889706
599,5.99,0.4762027630252011
600,6.0,0.47982097533272533
601,6.01,0.48353887667880463
602,6.0200000000000005,0.48735840679561726
603,6.03,0.49128156349265467
604,6.04,0.49531040362488976
605,6.05,0.49944704404124657
606,6.0600000000000005,0.5036936625074507
607,6.07,0.5080524985966604
608,6.08,0.5125258545405849
609,6.09,0.5171160960330461
610,6.1000000000000005,0.5218256529771347
611,6.11,0.5266570201661369
612,6.12,0.5316127578875341
613,6.13,0.5366954924382122
614,6.140000000000001,0.5419079165379306
615,6.15,0.5472527896268303
616,6.16,0.5527329380313795
617,6.17,0.5583512549817389
618,6.18,0.5641107004618914
619,6.19,0.5700143008716638
620,6.2,0.5760651484822271
621,6.21,0.5822664006499604
622,6.22,0.5886212787797432
623,6.23,0.5951330669933508
624,6.24,0.6018051104779574
625,6.25,0.6086408134864831
626,6.26,0.6156436369405752
627,6.2700000000000005,0.6228170956099323
628,6.28,0.6301647548174137
629,6.29,0.637690226626723
630,6.3,0.6453971654627894
631,6.3100000000000005,0.6532892631116993
632,6.32,0.6613702430430483
633,6.33,0.6696438539935766
634,6.34,0.6781138627466494
635,6.3500000000000005,0.6867840460377531
636,6.36,0.6956581815116787
637,6.37,0.7047400376524272
638,6.38,0.7140333626021542
639,6.390000000000001,0.7235418717807905
640,6.4,0.7332692342133027
641,6.41,0.7432190574669543
642,6.42,0.7533948710965553
643,6.43,0.7638001084915343
644,6.44,0.7744380870149474
645,6.45,0.785311986321326
646,6.46,0.796424824737617
647,6.47,0.8077794335898307
648,6.48,0.8193784293572659
649,6.49,0.831224183536641
650,6.5,0.8433187901007679
651,6.51,0.855664030439921
652,6.5200000000000005,0.8682613356802646
653,6.53,0.8811117462820217
654,6.54,0.8942158688312183
655,6.55,0.9075738299534478
656,6.5600000000000005,0.9211852272961472
657,6.57,0.9350490775481864
658,6.58,0.9491637614925117
659,6.59,0.9635269661196488
660,6.6000000000000005,0.9781356238674515
661,6.61,0.9929858490963941
662,6.62,1.0080728719600445
663,6.63,1.0233909698876986
664,6.640000000000001,1.0389333969610028
665,6.65,1.054692311538705
666,6.66,1.070658702563834
667,6.67,1.0868223150753613
668,6.68,1.1031715755417704
669,6.69,1.1196935177361418
670,6.7,1.1363737099788795
671,6.71,1.1531961846882188
672,6.72,1.1601418707217097
673,6.73,1.1627674220653372
674,6.74,1.1650188090117914
675,6.75,1.166892446666257
676,6.76,1.1683855849963094
677,6.7700000000000005,1.1694963240195764
678,6.78,1.1702236242834079
679,6.79,1.1705673125210412
680,6.8,1.1705280824270308
681,6.8100000000000005,1.1701074905462097
682,6.82,1.1693079473220709
683,6.83,1.1681327034013425
684,6.84,1.166585831340727
685,6.8500000000000005,1.164672202908507
686,6.86,1.162397462217223
687,6.87,1.1597679949632351
688,6.88,1.156790894084063
689,6.890000000000001,1.1534739221745756
690,6.9,1.1498254710279194
691,6.91,1.1458545186861928
692,6.92,1.141570584399713
693,6.93,1.136983681901203
694,6.94,1.132104271403773
695,6.95,1.1269432107283444
696,6.96,1.1215117059580009
697,6.97,1.1158212620039216
698,6.98,1.1098836334504922
699,6.99,1.1037107760264286
700,7.0,1.0973147990247196
701,7.01,1.090707918968681
702,7.0200000000000005,1.0839024147894756
703,7.03,1.0769105847575366
704,7.04,1.0697447053705547
705,7.05,1.0624169923770126
706,7.0600000000000005,1.054939564079277
707,7.07,1.0473244070310956
708,7.08,1.0395833442146978
709,7.09,1.0317280057546054
710,7.1000000000000005,1.0237698021986574
711,7.11,1.0157199003721813
712,7.12,1.007589201788406
713,7.13,0.9993883235778329
714,7.140000000000001,0.9911275818807584
715,7.15,0.9828169776311947
716,7.16,0.9744661846464437
717,7.17,0.9660845399249893
718,7.18,0.9576810360457331
719,7.19,0.9492643155540824
720,7.2,0.9408426672147414
721,7.21,0.9324240240071443
722,7.22,0.9240159627372173
723,7.23,0.9156257051383658
724,7.24,0.9072601203350317
725,7.25,0.8989257285438835
726,7.26,0.8906287058903932
727,7.2700000000000005,0.8823748902220054
728,7.28,0.8741697878034222
729,7.29,0.8660185807843387
730,7.3,0.8579261353352411
731,7.3100000000000005,0.8498970103525534
732,7.32,0.8419354666402759
733,7.33,0.8340454764812958
734,7.34,0.8262307335176836
735,7.3500000000000005,0.8184946628653696
736,7.36,0.8108404313946285
737,7.37,0.8032709581137073
738,7.38,0.7957889245987236
739,7.390000000000001,0.7883967854184784
740,7.4,0.781096778508143
741,7.41,0.7738909354508583
742,7.42,0.7667810916311266
743,7.43,0.7597688962283127
744,7.44,0.7528558220228913
745,7.45,0.7460431749919756
746,7.46,0.7393321036743226
747,7.47,0.7327236082884353
748,7.48,0.7262185495904375
749,7.49,0.7198176574612468
750,7.5,0.7135215392151653
751,7.51,0.7073306876243336
752,7.5200000000000005,0.7012454886555962
753,7.53,0.6952662289181839
754,7.54,0.6893931028223538
755,7.55,0.6836262194505457
756,7.5600000000000005,0.6779656091439558
757,7.57,0.6724112298085433
758,7.58,0.6669629729454728
759,7.59,0.6616206694118594
760,7.6000000000000005,0.6563840949183347
761,7.61,0.6512529752706431
762,7.62,0.6462269913628389
763,7.63,0.6413057839301842
764,7.640000000000001,0.6364889580700458
765,7.65,0.631776087539357
766,7.66,0.6271667188373965
767,7.67,0.622660375082685
768,7.68,0.6182565596927568
769,7.69,0.6139547598764964
770,7.7,0.6097544499457057
771,7.71,0.6056550944576813
772,7.72,0.6016561511950727
773,7.73,0.5977570739925465
774,7.74,0.5939573154184438
775,7.75,0.5902563293196248
776,7.76,0.5866535732375494
777,7.7700000000000005,0.583148510703391
778,7.78,0.5797406134198461
779,7.79,0.5764293633370563
780,7.8,0.5732142546298749
781,7.8100000000000005,0.5700947955835014
782,7.82,0.567070510394297
783,7.83,0.5641409408924084
784,7.84,0.5613056481926064
785,7.8500000000000005,0.5585642142795723
786,7.86,0.555916243533682
787,7.87,0.5533613642031384
788,7.88,0.5508992298281511
789,7.890000000000001,0.5485295206226928
790,7.9,0.5462519448192154
791,7.91,0.5440662399815466
792,7.92,0.541972174291086
793,7.930000000000001,0.5399695478112632
794,7.94,0.5380581937351366
795,7.95,0.5362379796208921
796,7.96,0.534508808619918
797,7.97,0.5328706207020577
798,7.98,0.5313233938825671
799,7.99,0.5298671454552603
800,8.0,0.5285019332362708
801,8.01,0.5272278568228387
802,8.02,0.5260450588715043
803,8.03,0.5249537264001026
804,8.040000000000001,0.5239540921179313
805,8.05,0.5230464357885135
806,8.06,0.5222310856294012
807,8.07,0.5215084197535016
808,8.08,0.5208788676564892
809,8.09,0.5203429117549264
810,8.1,0.5199010889798168
811,8.11,0.5195539924304083
812,8.120000000000001,0.5193022730931941
813,8.13,0.5191466416311927
814,8.14,0.5190878702486977
815,8.15,0.5178399448960542
816,8.16,0.5147852458417913
817,8.17,0.5115906608812509
818,8.18,0.5082585470640429
819,8.19,0.5047914174852507
820,8.2,0.5011919345212686
821,8.21,0.4974629027003166
822,8.22,0.4936072612405576
823,8.23,0.48962807629495225
824,8.24,0.48552853294231724
825,8.25,0.4813119269644746
826,8.26,0.47698165644968893
827,8.27,0.47254121326242926
828,8.28,0.46799417441912466
829,8.290000000000001,0.46334419340888794
830,8.3,0.4585949914973369
831,8.31,0.45375034905035616
832,8.32,0.44881409691336044
833,8.33,0.44379010788000256
834,8.34,0.4386822882824482
835,8.35,0.43349456973353007
836,8.36,0.42823090104900235
837,8.370000000000001,0.42289524037588727
838,8.38,0.4174915475508789
839,8.39,0.4120237767106429
840,8.4,0.40649586917117175
841,8.41,0.400911746598369
842,8.42,0.3952753044775779
843,8.43,0.38959040589901517
844,8.44,0.3838608756698756
845,8.45,0.37809049475457207
846,8.46,0.37228299505788787
847,8.47,0.3664420545480817
848,8.48,0.36057129272444166
849,8.49,0.3546742664288672
850,8.5,0.34875446599980126
851,8.51,0.3428153117652049
852,8.52,0.3368601508698897
853,8.53,0.33089225443109316
854,8.540000000000001,0.32491481501502456
855,8.55,0.31893094442608083
856,8.56,0.31294367179929217
857,8.57,0.30695594198598514
858,8.58,0.3009706142216979
859,8.59,0.2949904610649236
860,8.6,0.2890181675947218
861,8.61,0.28305633085486676
862,8.620000000000001,0.27710745953191135
863,8.63,0.2711739738543509
864,8.64,0.2652582056999761
865,8.65,0.25936239889720153
866,8.66,0.253488709714534
867,8.67,0.2476392075092633
868,8.68,0.24181587554259631
869,8.69,0.23602061193515184
870,8.700000000000001,0.2302552307558129
871,8.71,0.2245214632314562
872,8.72,0.21882095906607477
873,8.73,0.21315528785835675
874,8.74,0.20752594060707488
875,8.75,0.201934331294169
876,8.76,0.1963817985357576
877,8.77,0.1908696072918639
878,8.78,0.18539895062605477
879,8.790000000000001,0.17997095150665735
880,8.8,0.17458666464177577
881,8.81,0.16924707834061714
882,8.82,0.16395311639436871
883,8.83,0.15870563997002848
884,8.84,0.15350544951129508
885,8.85,0.14835328664091413
886,8.86,0.14324983605932015
887,8.870000000000001,0.1381957274349011
888,8.88,0.13319153728150243
889,8.89,0.12823779081927833
890,8.9,0.1233349638152826
891,8.91,0.11848348440055165
892,8.92,0.11368373486084078
893,8.93,0.10893605339837728
894,8.94,0.10424073586239527
895,8.950000000000001,0.0995980374464166
896,8.96,0.09500817435057732
897,8.97,0.09047132540751104
898,8.98,0.08598763367053507
899,8.99,0.08155720796310299
900,9.0,0.07718012438872901
901,9.01,0.07285642780070735
902,9.02,0.068586133231172
903,9.03,0.06436922727922098
904,9.040000000000001,0.06020566945789275
905,9.05,0.056095393500025625
906,9.06,0.05203830862306579
907,9.07,0.04803430075304368
908,9.08,0.04408323370802954
909,9.09,0.04018495034147489
910,9.1,0.036339273645920885
911,9.11,0.03254600781762164
912,9.120000000000001,0.028804939282711155
913,9.13,0.025115837685584504
914,9.14,0.021478456840212514
915,9.15,0.017892535645177607
916,9.16,0.01435779896318029
917,9.17,0.010873958465934678
918,9.18,0.007440713444434586
919,9.19,0.004057751569434352
920,9.200000000000001,0.0033391212421873843
921,9.21,0.003271983108044185
922,9.22,0.00320614605184299
923,9.23,0.003141567696659173
924,9.24,0.0030782072857342305
925,9.25,0.0030160256049062847
926,9.26,0.002954984909406756
927,9.27,0.002895048854666755
928,9.28,0.0028361824308796974
929,9.290000000000001,0.0027783519010863723
930,9.3,0.002721524742563332
931,9.31,0.002665669591311795
932,9.32,0.0026107561894574524
933,9.33,0.002556755335385013
934,9.34,0.002503638836443013
935,9.35,0.002451379464065449
936,9.36,0.0023999509111675213
937,9.370000000000001,0.002349327751681359
938,9.38,0.002299485402107258
939,9.39,0.002250400084963292
940,9.4,0.0022020487940247638
941,9.41,0.0021544092612505346
942,9.42,0.002107459925301189
943,9.43,0.0020611799015589783
944,9.44,0.002015548953565874
945,9.450000000000001,0.0019705474658004503
946,9.46,0.0019261564177202174
947,9.47,0.0018823573589994921
948,9.48,0.0018391323858979773
949,9.49,0.0017964641186984367
950,9.5,0.0017543356801562283
951,9.51,0.0017127306749061563
952,9.52,0.001671633169775846
953,9.53,0.0016310276749575282
954,9.540000000000001,0.0015908991259930912
955,9.55,0.001551232866529633
956,9.56,0.0015120146318053345
957,9.57,0.0014732305328279752
958,9.58,0.001434867041209722
959,9.59,0.0013969109746249024
960,9.6,0.0013593494828588542
961,9.61,0.001322170034417013
962,9.620000000000001,0.0012853604036664364
963,9.63,0.0012489086584823522
964,9.64,0.0012128031483740619
965,9.65,0.001177032493066405
966,9.66,0.001141585571513351
967,9.67,0.0011064515113220889
968,9.68,0.0010716196785673158
969,9.69,0.0010370796679755082
970,9.700000000000001,0.001002821293461063
971,9.71,0.0009688345789964005
972,9.72,0.0009351097497992426
973,9.73,0.0009016372238209998
974,9.74,0.0008684076035212836
975,9.75,0.000835411667913597
976,9.76,0.0008026403648688713
977,9.77,0.0007700848036632044
978,9.78,0.0007377362477576302
979,9.790000000000001,0.0007055861077974355
980,9.8,0.0006736259348199436
981,9.81,0.0006418474136594709
982,9.82,0.0006102423565390665
983,9.83,0.0005788026968389238
984,9.84,0.0005475204830316808
985,9.85,0.0005163878727754716
986,9.86,0.00048539712715552573
987,9.870000000000001,0.00045454060506621135
988,9.88,0.0004238107577245642
989,9.89,0.0003932001233078762
990,9.9,0.00036270132170739667
991,9.91,0.00033230704939074806
992,9.92,0.000302010074365644
993,9.93,0.00027180323123850554
994,9.94,0.00024167941636031356
995,9.950000000000001,0.00021163158305390411
996,9.96,0.000181652736915906
997,9.97,0.00015173593118707519
998,9.98,0.00012187426218501147
999,9.99,9.206086479327423e-05
1000,10.0,6.228890800097216e-05
1001,10.01,3.25515904872295e-05
1002,10.02,2.842136244609238e-06
1003,10.03,2.6846209763680276e-05
1004,10.040000000000001,5.6520185918633815e-05
1005,10.05,8.618651823761653e-05
1006,10.06,0.00011585192464930698
1007,10.07,0.00014552311925663494
1008,10.08,0.00017520681659321716
1009,10.09,0.00020490973587846447
1010,10.1,0.00023463860527663015
1011,10.11,0.0002644001661652182
1012,10.120000000000001,0.0002942011774211998
1013,10.13,0.0003240484197083669
1014,10.14,0.00035394869983687197
1015,10.15,0.00038390885509163706
1016,10.16,0.0004139357576467077
1017,10.17,0.00044403631900200843
1018,10.18,0.00045192332064285744
1019,10.19,0.00043375579423910815
1020,10.200000000000001,0.00041550486191222705
1021,10.21,0.00039717710300561963
1022,10.22,0.0003787791562524117
1023,10.23,0.0003603177129864965
1024,10.24,0.00034179951033603493
1025,10.25,0.0003232313243434336
1026,10.26,0.00030461996302445164
1027,10.27,0.0002859722593805871
1028,10.28,0.00026729506437878753
1029,10.290000000000001,0.0002485952399126106
1030,10.3,0.00022987965175922287
1031,10.31,0.0002111551625460955
1032,10.32,0.00019242862474172498
1033,10.33,0.00017370687368434824
1034,10.34,0.00015499672066234945
1035,10.35,0.00013630494606011367
1036,10.36,0.0001176382925826381
1037,10.370000000000001,9.900345857202588e-05
1038,10.38,8.040709142862062e-05
1039,10.39,6.185578114907066e-05
1040,10.4,4.335605399345734e-05
1041,10.41,2.491436629285776e-05
1042,10.42,6.5370984085559516e-06
1043,10.43,1.1769451146703507e-05
1044,10.44,2.9999071415314484e-05
1045,10.450000000000001,4.814564451981967e-05
1046,10.46,6.620315099751832e-05
1047,10.47,8.416567493637162e-05
1048,10.48,0.00010202740890465294
1049,10.49,0.00011978265866710381
1050,10.5,0.00013742584768168685
1051,10.51,0.00015495152137088704
1052,10.52,0.00017235435116262008
1053,10.53,0.00018962913829658745
1054,10.540000000000001,0.0002067708173939813
1055,10.55,0.00022377445977716758
1056,10.56,0.0002406352765624309
1057,10.57,0.0002573486214912345
1058,10.58,0.00027390999352289814
1059,10.59,0.00029031503917900024
1060,10.6,0.0003065595546411202
1061,10.61,0.00032263948760313186
1062,10.620000000000001,0.00033855093887903996
1063,10.63,0.00035429016376868226
1064,10.64,0.0003698535731836756
1065,10.65,0.000385237734536926
1066,10.66,0.00040043937239897303
1067,10.67,0.0004154553689254912
1068,10.68,0.0004302827640603058
1069,10.69,0.0004449187555191166
1070,10.700000000000001,0.00045936069855892064
1071,10.71,0.0004736061055390631
1072,10.72,0.00048765264528001284
1073,10.73,0.0005014981422260799
1074,10.74,0.0005151405754188089
1075,10.75,0.0005285780772878425
1076,10.76,0.0005418089322666666
1077,10.77,0.0005548315752399033
1078,10.78,0.0005676445898305846
1079,10.790000000000001,0.0005802467065341852
1080,10.8,0.0005926368007072965
1081,10.81,0.0006048138904194339
1082,10.82,0.0006167771341747919
1083,10.83,0.0006285258285125485
1084,10.84,0.0006400594054936789
1085,10.85,0.0006513774300815528
1086,10.86,0.0006624795974248678
1087,10.870000000000001,0.0006733657300503367
1088,10.88,0.0006840357749726966
1089,10.89,0.0006944898007305381
1090,10.9,0.0007047279943539279
1091,10.91,0.0007147506582728888
1092,10.92,0.0007245582071727693
1093,10.93,0.0007341511648041297
1094,10.94,0.0007435301607538591
1095,10.950000000000001,0.0007526959271844484
1096,10.96,0.0007616492955474836
1097,10.97,0.0007703911932784062
1098,10.98,0.0007789226404779399
1099,10.99,0.0007872447465863461
1100,11.0,0.0007953587070564176
1101,11.01,0.0008032658000304054
1102,11.02,0.0008109673830256945
1103,11.03,0.0008184648896352346
1104,11.040000000000001,0.0008257598262463231
1105,11.05,0.0008328537687829229
1106,11.06,0.0008397483594754445
1107,11.07,0.0008464453036625081
1108,11.08,0.0008529463666273557
1109,11.09,0.000859253370473871
1110,11.1,0.0008653681910442467
1111,11.11,0.0008712927548824379
1112,11.120000000000001,0.000877029036245017
1113,11.13,0.0008825790541638558
1114,11.14,0.0008879448695724725
1115,11.15,0.0008931285826753579
1116,11.16,0.005362052300355799
1117,11.17,0.015340247884172969
1118,11.18,0.025184553713711384
1119,11.19,0.03490445367757122
1120,11.200000000000001,0.04450904660862752
1121,11.21,0.05400707050886867
1122,11.22,0.06340692534143916
1123,11.23,0.07271669433667823
1124,11.24,0.08194416390097252
1125,11.25,0.0910968422205939
1126,11.26,0.10018197664608144
1127,11.27,0.10920656993557558
1128,11.28,0.11817739542911243
1129,11.290000000000001,0.12710101121984127
1130,11.3,0.1359837733823464
1131,11.31,0.14483184831321522
1132,11.32,0.15365122423380503
1133,11.33,0.162447721900766
1134,11.34,0.17122700456552908
1135,11.35,0.17999458721990036
1136,11.36,0.1887558451610965
1137,11.370000000000001,0.19751602190598921
1138,11.38,0.2062802364810003
1139,11.39,0.21505349011080563
1140,11.4,0.2238406723259505
1141,11.41,0.23264656650674
1142,11.42,0.2414758548777525
1143,11.43,0.2503331229636113
1144,11.44,0.2592228635234371
1145,11.450000000000001,0.26814947994940297
1146,11.46,0.2771172891638936
1147,11.47,0.28613052399381855
1148,11.48,0.29519333503198997
1149,11.49,0.304309791981761
1150,11.5,0.313483884480653
1151,11.51,0.3227195223967357
1152,11.52,0.3320205355896137
1153,11.53,0.34139067312596055
1154,11.540000000000001,0.3508336019376482
1155,11.55,0.3603529049088778
1156,11.56,0.36995207837698346
1157,11.57,0.3796345290300081
1158,11.58,0.3894035701826357
1159,11.59,0.39926241741073176
1160,11.6,0.40921418352342626
1161,11.61,0.41926187285060607
1162,11.620000000000001,0.429408374822792
1163,11.63,0.4396564568195014
1164,11.64,0.4500087562618549
1165,11.65,0.4604677719247133
1166,11.66,0.47103585444388013
1167,11.67,0.48171519599408924
1168,11.68,0.4925078191143
1169,11.69,0.503415564658074
1170,11.700000000000001,0.5144400788482856
1171,11.71,0.5255827994177359
1172,11.72,0.5368449408199657
1173,11.73,0.5482274784980207
1174,11.74,0.5597311322030962
1175,11.75,0.5713563483599854
1176,11.76,0.5831032814821246
1177,11.77,0.5949717746457629
1178,11.78,0.6069613390408062
1179,11.790000000000001,0.6190711326246195
1180,11.8,0.6312999379153538
1181,11.81,0.6436461389726426
1182,11.82,0.6561076976263046
1183,11.83,0.6686821290274764
1184,11.84,0.6813664766141841
1185,11.85,0.6941572865867609
1186,11.86,0.7070505820451939
1187,11.870000000000001,0.720041836898174
1188,11.88,0.733125949734208
1189,11.89,0.7462972178327631
1190,11.9,0.7595493115274651
1191,11.91,0.7728752491561187
1192,11.92,0.786267372857015
1193,11.93,0.7997173254959999
1194,11.94,0.8132160290340016
1195,11.950000000000001,0.8267536646695138
1196,11.96,0.8403196551143031
1197,11.97,0.8539026493831363
1198,11.98,0.8674905104988376
1199,11.99,0.8810703065315698
1200,12.0,0.8946283054055929
1201,12.01,0.9081499739166597
1202,12.02,0.9216199814082575
1203,12.030000000000001,0.9350222085535924
1204,12.040000000000001,0.9483397616824518
1205,12.05,0.9615549930765266
1206,12.06,0.9746495276323598
1207,12.07,0.9876042962581392
1208,12.08,1.0003995763267703
1209,12.09,1.0130150394539896
1210,12.1,1.0254298068101901
1211,12.11,1.0376225120840321
1212,12.120000000000001,1.0495713721601156
1213,12.13,1.061254265443333
1214,12.14,1.0726488176824311
1215,12.15,1.083732495011739
1216,12.16,1.0944827038429241
1217,12.17,1.1048768970677652
1218,12.18,1.1148926859464914
1219,12.19,1.124507956907483
1220,12.200000000000001,1.1337009923979309
1221,12.21,1.1252511371938816
1222,12.22,1.1101444509868554
1223,12.23,1.094855189039793
1224,12.24,1.0794121014941975
1225,12.25,1.0638428273409
1226,12.26,1.0481738335076793
1227,12.27,1.0324303673415478
1228,12.280000000000001,1.0166364217107067
1229,12.290000000000001,1.0008147118487238
1230,12.3,0.984986663002591
1231,12.31,0.9691724079311803
1232,12.32,0.9533907932486266
1233,12.33,0.9376593936634898
1234,12.34,0.9219945331406962
1235,12.35,0.9064113120667577
1236,12.36,0.8909236395333942
1237,12.370000000000001,0.8755442699043242
1238,12.38,0.8602848428842499
1239,12.39,0.8451559263672632
1240,12.4,0.8301670614016327
1241,12.41,0.8153268086695378
1242,12.42,0.8006427959400758
1243,12.43,0.7861217660135251
1244,12.44,0.7717696247317684
1245,12.450000000000001,0.7575914886838345
1246,12.46,0.7435917322871656
1247,12.47,0.7297740339725234
1248,12.48,0.7161414212448209
1249,12.49,0.7026963144323263
1250,12.5,0.6894405689736596
1251,12.51,0.6763755161247789
1252,12.52,0.6635020019978682
1253,12.530000000000001,0.650820424870061
1254,12.540000000000001,0.6383307707229909
1255,12.55,0.6260326469939989
1256,12.56,0.6139253145372658
1257,12.57,0.6020077178077511
1258,12.58,0.5902785132931071
1259,12.59,0.5787360962291351
1260,12.6,0.5673786256427321
1261,12.61,0.5562040477731002
1262,12.620000000000001,0.5452101179271033
1263,12.63,0.534394420828682
1264,12.64,0.5237543895249517
1265,12.65,0.5132873229136974
1266,12.66,0.502990401957647
1267,12.67,0.4928607046511499
1268,12.68,0.48289521980485095
1269,12.69,0.4730908597127099
1270,12.700000000000001,0.46344447176467446
1271,12.71,0.4539528490663876
1272,12.72,0.444612740125824
1273,12.73,0.4354208576643587
1274,12.74,0.42637388660737435
1275,12.75,0.4174684913075906
1276,12.76,0.4087013220513633
1277,12.77,0.4000690208961134
1278,12.780000000000001,0.3915682268841483
1279,12.790000000000001,0.3831955806761147
1280,12.8,0.37494772864446524
1281,12.81,0.3668213264651251
1282,12.82,0.3588130422452966
1283,12.83,0.3509195592068799
1284,12.84,0.3431375779958075
1285,12.85,0.3354638185882219
1286,12.86,0.3278950218701619
1287,12.870000000000001,0.32042795089344595
1288,12.88,0.31305939183522485
1289,12.89,0.3057861546830395
1290,12.9,0.29860507366521494
1291,12.91,0.291513007444876
1292,12.92,0.28450683909440877
1293,12.93,0.2775834758657599
1294,12.94,0.2707398487732741
1295,12.950000000000001,0.2639729119855374
1296,12.96,0.25727964207717163
1297,12.97,0.2506570371000726
1298,12.98,0.244102115519971
1299,12.99,0.23761191501248127
1300,13.0,0.2311834911279642
1301,13.01,0.2248139158315614
1302,13.02,0.2185002759237056
1303,13.030000000000001,0.21223967134562083
1304,13.040000000000001,0.2060292133727472
1305,13.05,0.19986602270393738
1306,13.06,0.193747227434928
1307,13.07,0.18766996093759086
1308,13.08,0.18163135962910784
1309,13.09,0.17562856063907142
1310,13.1,0.16965869936875108
1311,13.11,0.16371890694894714
1312,13.120000000000001,0.15780630758606476
1313,13.13,0.15191801579896108
1314,13.14,0.14605113354142626
1315,13.15,0.1402027472067089
1316,13.16,0.13436992450938012
1317,13.17,0.12854971123931277
1318,13.18,0.12273912788165056
1319,13.19,0.11693516609617266
1320,13.200000000000001,0.11113478504851572
1321,13.21,0.10533490758515553
1322,13.22,0.09953241624391433
1323,13.23,0.09372414908995635
1324,13.24,0.08790689529579908
1325,13.25,0.08295630939011883
1326,13.26,0.08237348810577252
1327,13.27,0.08178557665167537
1328,13.280000000000001,0.0811925710403948
1329,13.290000000000001,0.08059446754000933
1330,13.3,0.0799912626807977
1331,13.31,0.0793829532566284
1332,13.32,0.07876953632619432
1333,13.33,0.0781510092142518
1334,13.34,0.0775273695128744
1335,13.35,0.07689861508271237
1336,13.36,0.07626474405425607
1337,13.370000000000001,0.07562575482910744
1338,13.38,0.0749816460812645
1339,13.39,0.07433241675840596
1340,13.4,0.07367806608319581
1341,13.41,0.07301859355459449
1342,13.42,0.0723539989491834
1343,13.43,0.07168428232250426
1344,13.44,0.07100944401041209
1345,13.450000000000001,0.07032948463044594
1346,13.46,0.06964440508321673
1347,13.47,0.06895420655380989
1348,13.48,0.06825889051321303
1349,13.49,0.06755845871976117
1350,13.5,0.06685291322060327
1351,13.51,0.06614225635319415
1352,13.52,0.06542649074680872
1353,13.530000000000001,0.06470561932408266
1354,13.540000000000001,0.06397964530257866
1355,13.55,0.06324857219638219
1356,13.56,0.0625124038177263
1357,13.57,0.0617711442786429
1358,13.58,0.061024797992651356
1359,13.59,0.060273369676474974
1360,13.6,0.059516864351794194
1361,13.61,0.058755287347033065
1362,13.620000000000001,0.057988644299183635
1363,13.63,0.05721694115566634
1364,13.64,0.05644018417622933
1365,13.65,0.05565837993488899
1366,13.66,0.0548715353219092
1367,13.67,0.054079657545825645
1368,13.68,0.053282754135510126
1369,13.69,0.052480832942283964
1370,13.700000000000001,0.05167390214206989
1371,13.71,0.05086197023760018
1372,13.72,0.050045046060662846
1373,13.73,0.04922313877440555
1374,13.74,0.04839625787568195
1375,13.75,0.047564413197457106
1376,13.76,0.04672761491125687
1377,13.77,0.045885873529676054
1378,13.780000000000001,0.04503919990894037
1379,13.790000000000001,0.04418760525152018
1380,13.8,0.043331101108804206
1381,13.81,0.04246969938382874
1382,13.82,0.04160341233406469
1383,13.83,0.040732252574262044
1384,13.84,0.03985623307936048
1385,13.85,0.038975367187450566
1386,13.86,0.038089668602804
1387,13.870000000000001,0.03719915139896457
1388,13.88,0.0363038300218992
1389,13.89,0.03540371929321594
1390,13.9,0.03449883441344278
1391,13.91,0.0335891909653743
1392,13.92,0.0326748049174802
1393,13.93,0.03175569262738565
1394,13.94,0.03083187084540968
1395,13.950000000000001,0.029903356718178786
1396,13.96,0.028970167792299918
1397,13.97,0.028032322018107042
1398,13.98,0.027089837753473886
1399,13.99,0.026142733767690326
1400,14.0,0.025191029245415355
1401,14.01,0.024234743790688712
1402,14.02,0.02327389743101963
1403,14.030000000000001,0.022308510621537617
1404,14.040000000000001,0.021338604249216055
1405,14.05,0.02036419963715909
1406,14.06,0.0193853185489615
1407,14.07,0.01840198319313291
1408,14.08,0.01741421622759114
1409,14.09,0.016422040764223364
1410,14.1,0.015425480373508419
1411,14.11,0.014424559089214268
1412,14.120000000000001,0.013419301413152068
1413,14.13,0.012409732320000075
1414,14.14,0.011395877262190709
1415,14.15,0.010377762174858517
1416,14.16,0.009355413480853994
1417,14.17,0.00832885809581271
1418,14.18,0.007298123433212951
1419,14.19,0.006263237409898139
1420,14.200000000000001,0.005224228450799187
1421,14.21,0.004181125494610894
1422,14.22,0.0031339579990568253
1423,14.23,0.002082755946305548
1424,14.24,0.0010275498484175187
1425,14.25,3.1629248417320777e-05
1426,14.26,0.0005838398723487734
1427,14.27,0.0004947890729174827
1428,14.280000000000001,0.0004054159355407839
1429,14.290000000000001,0.00031571218134892926
1430,14.3,0.00022566943269361554
1431,14.31,0.00013527921116163457
1432,14.32,4.4532935035908116e-05
1433,14.33,4.657808334009958e-05
1434,14.34,0.00013806264025724796
1435,14.35,0.00022992964339522992
1436,14.36,0.0003221881146381551
1437,14.370000000000001,0.00041484719295313885
1438,14.38,0.0005079161373309692
1439,14.39,0.0006014043298116443
1440,14.4,0.0006953212785342676
1441,14.41,0.0007896766209175228
1442,14.42,0.0008844801268688752
1443,14.43,0.0009797417020875417
1444,14.44,0.001075471391441587
1445,14.450000000000001,0.0011716793824264541
1446,14.46,0.0012683760087051543
1447,14.47,0.0013655717537347663
1448,14.48,0.0014632772544802566
1449,14.49,0.0015615033052195806
1450,14.5,0.0016602608614419612
1451,14.51,0.0017595610438429076
1452,14.52,0.0018594151424186857
1453,14.530000000000001,0.0019598346206749014
1454,14.540000000000001,0.002060831119889056
1455,14.55,0.002162416463577492
1456,14.56,0.002264602661987146
1457,14.57,0.0023674019167444415
1458,14.58,0.002470826625616585
1459,14.59,0.0025748893873964247
1460,14.6,0.002679603006915476
1461,14.61,0.002784980500188388
1462,14.620000000000001,0.0028910350996941415
1463,14.63,0.002997780259797101
1464,14.64,0.0031052296623136776
1465,14.65,0.0032133972222286966
1466,14.66,0.0033222970935665825
1467,14.67,0.0034319436754219348
1468,14.68,0.0035423516181560645
1469,14.69,0.0036535358297629028
1470,14.700000000000001,0.0037655114824122447
1471,14.71,0.0038782940191742755
1472,14.72,0.0039918991609326285
1473,14.73,0.0041063429134915504
1474,14.74,0.004221641574884541
1475,14.75,0.004337811742890305
1476,14.76,0.004454870322763983
1477,14.77,0.004572834535190196
1478,14.780000000000001,0.004691721924466265
1479,14.790000000000001,0.004811550366922374
1480,14.8,0.0049323380795885975
1481,14.81,0.005054103629115647
1482,14.82,0.005176865940958939
1483,14.83,0.005300644308835021
1484,14.84,0.005425458404460463
1485,14.85,0.005551328287582225
1486,14.86,0.005678274416310048
1487,14.870000000000001,0.005806317657762791
1488,14.88,0.005935479299037755
1489,14.89,0.006065781058517028
1490,14.9,0.006197245097520536
1491,14.91,0.006329894032320587
1492,14.92,0.006463750946529106
1493,14.93,0.006598839403872935
1494,14.94,0.006735183461370437
1495,14.950000000000001,0.0068728076829234685
1496,14.96,0.007011737153342182
1497,14.97,0.007151997492817001
1498,14.98,0.007293614871855061
1499,14.99,0.007436616026698364
1500,15.0,0.007581028275242863
1501,15.01,0.007726879533475687
1502,15.02,0.007874198332451402
1503,15.030000000000001,0.00802301383582864
1504,15.040000000000001,0.008173355857986394
1505,15.05,0.008325254882745142
1506,15.06,0.008478742082714387
1507,15.07,0.00863384933929126
1508,15.08,0.008790609263337268
1509,15.09,0.008949055216558144
1510,15.1,0.009109221333615504
1511,15.11,0.00927114254500002
1512,15.120000000000001,0.009434854600695255
1513,15.13,0.009600394094665617
1514,15.14,0.009767798490200867
1515,15.15,0.009937106146152105
1516,15.16,0.010108356344096158
1517,15.17,0.010281589316466267
1518,15.18,0.01045684627568957
1519,15.19,0.010634169444372342
1520,15.200000000000001,0.01081360208657805
1521,15.21,0.010995188540243298
1522,15.22,0.01117897425078142
1523,15.23,0.011365005805933892
1524,15.24,0.01155333097209381
1525,15.25,0.008800648803651213
1526,15.26,0.004636402875569332
1527,15.27,0.00042765213878870887
1528,15.280000000000001,0.0038273561999476193
1529,15.290000000000001,0.008130429649981128
1530,15.3,0.012483432665006901
1531,15.31,0.016888288957339532
1532,15.32,0.021346983929444643
1533,15.33,0.025861567210585433
1534,15.34,0.03043415531047444
1535,15.35,0.03506693439425123
1536,15.36,0.03976216318443826
1537,15.370000000000001,0.044522175995754816
1538,15.38,0.04934938590895631
1539,15.39,0.05424628809014574
1540,15.4,0.05921546326226653
1541,15.41,0.0642595813357528
1542,15.42,0.0693814052056453
1543,15.43,0.07458379472271327
1544,15.44,0.07986971084649935
1545,15.450000000000001,0.08524221998836222
1546,15.46,0.09070449855304005
1547,15.47,0.09625983768742495
1548,15.48,0.10191164824554874
1549,15.49,0.1076634659790507
1550,15.5,0.11351895696266179
1551,15.51,0.11948192326439518
1552,15.52,0.1255563088704372
1553,15.530000000000001,0.1317462058747573
1554,15.540000000000001,0.1380558609437094
1555,15.55,0.14448968206586482
1556,15.56,0.15105224559733693
1557,15.57,0.15774830361280856
1558,15.58,0.16458279157225897
1559,15.59,0.1715608363131097
1560,15.6,0.17868776437714162
1561,15.610000000000001,0.18596911068086855
1562,15.620000000000001,0.19341062753742258
1563,15.63,0.20101829403694063
1564,15.64,0.20879832579128343
1565,15.65,0.2167571850474605
1566,15.66,0.22490159117221822
1567,15.67,0.23323853150811305
1568,15.68,0.24177527259873308
1569,15.69,0.25051937177752837
1570,15.700000000000001,0.25947868911097866
1571,15.71,0.26866139968244196
1572,15.72,0.2780760061976666
1573,15.73,0.28773135188707766
1574,15.74,0.2976366336725845
1575,15.75,0.30780141555854906
1576,15.76,0.3182356421968191
1577,15.77,0.3289496525646215
1578,15.780000000000001,0.3399541936813253
1579,15.790000000000001,0.3512604342750387
1580,15.8,0.3628799782932318
1581,15.81,0.37482487813171933
1582,15.82,0.387107647434176
1583,15.83,0.39974127328846465
1584,15.84,0.41273922761698123
1585,15.85,0.4261154775249537
1586,15.860000000000001,0.4398844943324533
1587,15.870000000000001,0.454061260973448
1588,15.88,0.4686612773961758
1589,15.89,0.4837005635446085
1590,15.9,0.4991956594432052
1591,15.91,0.5151636218064033
1592,15.92,0.531622016614791
1593,15.93,0.5485889068432135
1594,15.94,0.5660828346067154
1595,15.950000000000001,0.5841227967730181
1596,15.96,0.6027282130108743
1597,15.97,0.6219188851093439
1598,15.98,0.6417149462619413
1599,15.99,0.662136798858012
1600,16.0,0.6832050391596483
1601,16.01,0.7049403670693067
1602,16.02,0.7273634790102558
1603,16.03,0.7504949417531409
1604,16.04,0.7743550448292339
1605,16.05,0.7989636289817185
1606,16.06,0.824339887917582
1607,16.07,0.8505021404729297
1608,16.080000000000002,0.8774675701310851
1609,16.09,0.9052519287723607
1610,16.1,0.9338692014577287
1611,16.11,0.9633312290947871
1612,16.12,0.9936472859615151
1613,16.13,1.024823609321405
1614,16.14,1.0568628787831795
1615,16.15,1.0897636436736227
1616,16.16,1.1235196975474746
1617,16.17,1.1581194000924617
1618,16.18,1.1935449481542897
1619,16.19,1.229771599441034
1620,16.2,1.2667668547176294
1621,16.21,1.3044896069988836
1622,16.22,1.3428892694110997
1623,16.23,1.3819048970189622
1624,16.240000000000002,1.4214643219702094
1625,16.25,1.461483325728388
1626,16.26,1.5018648768036937
1627,16.27,1.5339832085043776
1628,16.28,1.5456024563267627
1629,16.29,1.5566826152215345
1630,16.3,1.5671988556514045
1631,16.31,1.5771277084700335
1632,16.32,1.5864472384812627
1633,16.330000000000002,1.5951372108144182
1634,16.34,1.6031792478471243
1635,16.35,1.6105569744640855
1636,16.36,1.617256149548524
1637,16.37,1.623264781757843
1638,16.38,1.6285732278363556
1639,16.39,1.6331742719616733
1640,16.4,1.6370631849014323
1641,16.41,1.6402377620683442
1642,16.42,1.6426983398953057
1643,16.43,1.64444779030088
1644,16.44,1.6454914933692892
1645,16.45,1.6458372887193002
1646,16.46,1.6454954063738674
1647,16.47,1.6444783782585173
1648,16.48,1.6428009317436525
1649,16.490000000000002,1.6404798668973102
1650,16.5,1.637533919325387
1651,16.51,1.633983610641668
1652,16.52,1.6298510887280244
1653,16.53,1.6251599600159725
1654,16.54,1.6199351160404074
1655,16.55,1.6142025564988025
1656,16.56,1.6079892109781575
1657,16.57,1.6013227614132903
1658,16.580000000000002,1.5942314672033184
1659,16.59,1.5867439947505937
1660,16.6,1.578889253002665
1661,16.61,1.5706962363818353
1662,16.62,1.5621938762695722
1663,16.63,1.5534109020192977
1664,16.64,1.5443757122409036
1665,16.65,1.5351162569084398
1666,16.66,1.525659930645851
1667,16.67,1.5160334773615767
1668,16.68,1.506262906238661
1669,16.69,1.4963734189372575
1670,16.7,1.4863893477360204
1671,16.71,1.4763341042263027
1672,16.72,1.4662301380801364
1673,16.73,1.4560989053374973
1674,16.740000000000002,1.4459608456009254
1675,16.75,1.4358353674834983
1676,16.76,1.4257408416302224
1677,16.77,1.4156946006191078
1678,16.78,1.4057129450469095
1679,16.79,1.395811155113607
1680,16.8,1.3860035070366832
1681,16.81,1.3763032936510984
1682,16.82,1.3667228485810103
1683,16.830000000000002,1.3572735734036998
1684,16.84,1.3479659672640545
1685,16.85,1.3388096584374714
1686,16.86,1.329813437380066
1687,16.87,1.3209852908460056
1688,16.88,1.3123324366926992
1689,16.89,1.3038613590341799
1690,16.9,1.2955778434416352
1691,16.91,1.2874870119262436
1692,16.92,1.279593357474582
1693,16.93,1.2719007779386997
1694,16.94,1.2644126091134882
1695,16.95,1.2571316568613604
1696,16.96,1.2500602281697222
1697,16.97,1.2432001610496417
1698,16.98,1.2365528532048162
1699,16.990000000000002,1.2301192894185278
1700,17.0,1.2239000676227063
1701,17.01,1.2178954236277009
1702,17.02,1.2121052545037276
1703,17.03,1.206529140618901
1704,17.04,1.2011663663390917
1705,17.05,1.1960159394189225
1706,17.06,1.1910766091033516
1707,17.07,1.1863468829755337
1708,17.080000000000002,1.1818250425876324
1709,17.09,1.1775091579157144
1710,17.1,1.1733971006826833
1711,17.11,1.1694865565958206
1712,17.12,1.1657750365469957
1713,17.13,1.1622598868250302
1714,17.14,1.158938298390358
1715,17.150000000000002,1.1558073152627504
1716,17.16,1.1528638420728066
1717,17.17,1.1501046508279944
1718,17.18,1.1475263869436525
1719,17.19,1.1451255745887943
1720,17.2,1.1428986213968142
1721,17.21,1.1408418225879104
1722,17.22,1.1389513645544587
1723,17.23,1.1372233279534638
1724,17.240000000000002,1.1356536903545735
1725,17.25,1.1342383284887545
1726,17.26,1.1329730201427801
1727,17.27,1.1318534457437963
1728,17.28,1.130875189677537
1729,17.29,1.1300337413830335
1730,17.3,1.1293244962660103
1731,17.31,1.128742756472476
1732,17.32,1.1282837315633758
1733,17.330000000000002,1.1279425391305389
1734,17.34,1.1277142053934899
1735,17.35,1.127593665816067
1736,17.36,1.1275757657810717
1737,17.37,1.1276552613605024
1738,17.38,1.1278268202181472
1739,17.39,1.128085022680365
1740,17.400000000000002,1.1284243630103363
1741,17.41,1.1288392509195275
1742,17.42,1.1293240133494842
1743,17.43,1.1298728965555587
1744,17.44,1.1304800685229242
1745,17.45,1.1311396217436116
1746,17.46,1.1318455763817006
1747,17.47,1.1325918838518234
1748,17.48,1.1333724308341186
1749,17.490000000000002,1.1341810437464916
1750,17.5,1.135011493692511
1751,17.51,1.1358575019006034
1752,17.52,1.1367127456672546
1753,17.53,1.1375708648137999
1754,17.54,1.138425468662999
1755,17.55,1.1392701435380281
1756,17.56,1.14009846078275
1757,17.57,1.140903985298155
1758,17.580000000000002,1.1416802845857408
1759,17.59,1.1424209382843193
1760,17.6,1.1431195481823455
1761,17.61,1.1437697486833844
1762,17.62,1.1443652176977828
1763,17.63,1.144899687929058
1764,17.64,1.1453669585189947
1765,17.650000000000002,1.1457609070109518
1766,17.66,1.1460755015865556
1767,17.67,1.1463048135267786
1768,17.68,1.1464430298443942
1769,17.69,1.1464844660311657
1770,17.7,1.1464235788596864
1771,17.71,1.1462549791768333
1772,17.72,1.1459734446231686
1773,17.73,1.1455739322105463
1774,17.740000000000002,1.145051590688527
1775,17.75,1.1444017726291917
1776,17.76,1.1436200461594426
1777,17.77,1.1427022062700192
1778,17.78,1.141644285631241
1779,17.79,1.140442564846884
1780,17.8,1.1390935820796826
1781,17.81,1.1375941419846514
1782,17.82,1.1359413238897729
1783,17.830000000000002,1.1341324891675846
1784,17.84,1.132165287745695
1785,17.85,1.1300376637094611
1786,17.86,1.1277478599555546
1787,17.87,1.125294421861266
1788,17.88,1.1226761999408224
1789,17.89,1.1198923514667534
1790,17.900000000000002,1.1169423410413393
1791,17.91,1.1138259401103892
1792,17.92,1.1105432254188246
1793,17.93,1.1070945764148945
1794,17.94,1.1034806716169947
1795,17.95,1.0997024839651381
1796,17.96,1.0893849437098808
1797,17.97,1.0666078761572542
1798,17.98,1.0439941307319431
1799,17.990000000000002,1.021573127747686
1800,18.0,0.999371307351925
1801,18.01,0.9774122621722356
1802,18.02,0.9557168792732977
1803,18.03,0.9343034883980946
1804,18.04,0.9131880139316366
1805,18.05,0.8923841283589601
1806,18.06,0.8719034053108581
1807,18.07,0.8517554705924477
1808,18.080000000000002,0.8319481498678541
1809,18.09,0.8124876119287604
1810,18.1,0.7933785067026201
1811,18.11,0.7746240973673614
1812,18.12,0.7562263860634271
1813,18.13,0.7381862330072075
1814,18.14,0.7205034686806636
1815,18.150000000000002,0.703176999141677
1816,18.16,0.6862049044393627
1817,18.17,0.6695845302452149
1818,18.18,0.6533125728650558
1819,18.19,0.6373851578441698
1820,18.2,0.6217979124155837
1821,18.21,0.6065460320668881
1822,18.22,0.5916243415203343
1823,18.23,0.5770273504313944
1824,18.240000000000002,0.5627493041166108
1825,18.25,0.5487842296217857
1826,18.26,0.5351259774380865
1827,18.27,0.521768259167236
1828,18.28,0.5087046814270778
1829,18.29,0.49592877627919224
1830,18.3,0.4834340284464687
1831,18.31,0.4712138995765794
1832,18.32,0.4592618497929063
1833,18.330000000000002,0.44757135676058873
1834,18.34,0.43613593248147065
1835,18.35,0.42494913801756523
1836,18.36,0.41400459632935843
1837,18.37,0.40329600340179544
1838,18.38,0.3928171378183266
1839,18.39,0.382561868931167
1840,18.400000000000002,0.3725241637644682
1841,18.41,0.36269809277601894
1842,18.42,0.35307783458972036
1843,18.43,0.34365767982525736
1844,18.44,0.3344320340693994
1845,18.45,0.3253954201485501
1846,18.46,0.31654247972879396
1847,18.47,0.30786797433930113
1848,18.48,0.2993667858817223
1849,18.490000000000002,0.29103391668652645
1850,18.5,0.28286448917094975
1851,18.51,0.27485374514842087
1852,18.52,0.26699704483427095
1853,18.53,0.2592898655883332
1854,18.54,0.2517278004308942
1855,18.55,0.24430655636483398
1856,18.56,0.23702195253346134
1857,18.57,0.22986991824044556
1858,18.580000000000002,0.22284649085561184
1859,18.59,0.21594781362754775
1860,18.6,0.20917013342206775
1861,18.61,0.20250979840318575
1862,18.62,0.19596325567147413
1863,18.63,0.1895270488730735
1864,18.64,0.18319781579088013
1865,18.650000000000002,0.17697228592826128
1866,18.66,0.17084727809421094
1867,18.67,0.1648196979978501
1868,18.68,0.15888653585908546
1869,18.69,0.15304486404141965
1870,18.7,0.14729183471191332
1871,18.71,0.14162467753276406
1872,18.72,0.13604069738820557
1873,18.73,0.13053727214978098
1874,18.740000000000002,0.12511185048266404
1875,18.75,0.11976194969515748
1876,18.76,0.11448515363301504
1877,18.77,0.10927911061999367
1878,18.78,0.10414153144565214
1879,18.79,0.09907018740108417
1880,18.8,0.09406290836310563
1881,18.81,0.08911758092710931
1882,18.82,0.08423214658864442
1883,18.830000000000002,0.07940459997367873
1884,18.84,0.07463298711712107
1885,18.85,0.06991540378940359
1886,18.86,0.06524999387047789
1887,18.87,0.06063494777067354
1888,18.88,0.0560685008977787
1889,18.89,0.051548932169544676
1890,18.900000000000002,0.04707456257087755
1891,18.91,0.04264375375483235
1892,18.92,0.03825490668653838
1893,18.93,0.033906460329223946
1894,18.94,0.029596890371283133
1895,18.95,0.02532470799362846
1896,18.96,0.021088458676207743
1897,18.97,0.016886721042916365
1898,18.98,0.012718105743817562
1899,18.990000000000002,0.008581254373871874
1900,19.0,0.004474838428323613
1901,19.01,0.0014406667336012472
1902,19.02,0.0040890887070912625
1903,19.03,0.006719743015749566
1904,19.04,0.009333038086003467
1905,19.05,0.011929374575954676
1906,19.06,0.014509145488867925
1907,19.07,0.01707273629987381
1908,19.080000000000002,0.019620525081115402
1909,19.09,0.022152882624393064
1910,19.1,0.02467017256042931
1911,19.11,0.027172751479240576
1912,19.12,0.029660969039778252
1913,19.13,0.03213516808573729
1914,19.14,0.034595684753855174
1915,19.150000000000002,0.03704284858067407
1916,19.16,0.03947698260664145
1917,19.17,0.0418984034776283
1918,19.18,0.04430742154381098
1919,19.19,0.04670434095598382
1920,19.2,0.04908945975928952
1921,19.21,0.05146306998440121
1922,19.22,0.05382545773616649
1923,19.23,0.0561769032797473
1924,19.240000000000002,0.058517681124258064
1925,19.25,0.06084806010395316
1926,19.26,0.06316830345696757
1927,19.27,0.06547866890163916
1928,19.28,0.06777940871044479
1929,19.29,0.07007076978157753
1930,19.3,0.07235299370819245
1931,19.31,0.07462631684532786
1932,19.32,0.0768909703745884
1933,19.330000000000002,0.07914718036652542
1934,19.34,0.08139516784016629
1935,19.35,0.08363514882368847
1936,19.36,0.08586733440633897
1937,19.37,0.08809193079470798
1938,19.38,0.0903091393637135
1939,19.39,0.0925191567061676
1940,19.400000000000002,0.09472217468028218
1941,19.41,0.09691838045518229
1942,19.42,0.0991079565544511
1943,19.43,0.10129108089771462
1944,19.44,0.10346792684034757
1945,19.45,0.1056386632112604
1946,19.46,0.1078034543488857
1947,19.47,0.10996246013531451
1948,19.48,0.11211583602867288
1949,19.490000000000002,0.11426373309374176
1950,19.5,0.11640629803086591
1951,19.51,0.11854367320317497
1952,19.52,0.12067599666216258
1953,19.53,0.12280340217164136
1954,19.54,0.1249260192301273
1955,19.55,0.12704397309165988
1956,19.56,0.12915738478512462
1957,19.57,0.13126637113209175
1958,19.580000000000002,0.1333710447632012
1959,19.59,0.1354715141331554
1960,19.6,0.13756788353432328
1961,19.61,0.13966025310901206
1962,19.62,0.14174871886045456
1963,19.63,0.14383337266249288
1964,19.64,0.1459143022680903
1965,19.650000000000002,0.1479915913165971
1966,19.66,0.15006531933991607
1967,19.67,0.15213556176752654
1968,19.68,0.15420238993044175
1969,19.69,0.15626587106414874
1970,19.7,0.1583260683105446
1971,19.71,0.1603830407189293
1972,19.72,0.16243684324608226
1973,19.73,0.16448752675550507
1974,19.740000000000002,0.1665351380157981
1975,19.75,0.1685797196983062
1976,19.76,0.17062131037401085
1977,19.77,0.17265994450974387
1978,19.78,0.17469565246376284
1979,19.79,0.17672846048074436
1980,19.8,0.17875839068623262
1981,19.81,0.18078546108059507
1982,19.82,0.18280968553255242
1983,19.830000000000002,0.18483107377230343
1984,19.84,0.18684963138432575
1985,19.85,0.18886535980014987
1986,19.86,0.19087825628962019
1987,19.87,0.19288831395458803
1988,19.88,0.1948955217198514
1989,19.89,0.19689986432538137
1990,19.900000000000002,0.1989013223182744
1991,19.91,0.20089987204477797
1992,19.92,0.2028954856424201
1993,19.93,0.20488813103235193
1994,19.94,0.2068777719119216
1995,19.95,0.20886436774756217
1996,19.96,0.21084787376806938
1997,19.97,0.21282824095831276
1998,19.98,0.21480541605346753
1999,19.990000000000002,0.21677934153382356
2000,20.0,0.2187499556202419
2001,20.01,0.22071719227038855
2002,20.02,0.22268098117616128
2003,20.03,0.2246412477655768
2004,20.04,0.22529811315287304
2005,20.05,0.222726266939582
2006,20.06,0.2201743015740558
2007,20.07,0.21764189598244876
2008,20.080000000000002,0.2151287286939232
2009,20.09,0.21263447791372353
2010,20.1,0.2101588215916579
2011,20.11,0.20770143748423922
2012,20.12,0.20526200320998483
2013,20.13,0.20284019629796013
2014,20.14,0.20043569422981852
2015,20.150000000000002,0.19804817447552284
2016,20.16,0.19567731452293619
2017,20.17,0.19332279190148363
2018,20.18,0.19098428420006805
2019,20.19,0.1886614690793804
2020,20.2,0.18635402427880635
2021,20.21,0.1840616276180339
2022,20.22,0.1817839569935331
2023,20.23,0.17952069037003743
2024,20.240000000000002,0.1772715057671325
2025,20.25,0.1750360812410832
2026,20.26,0.1728140948620052
2027,20.27,0.17060522468646633
2028,20.28,0.16840914872598148
2029,20.29,0.16622554490898137
2030,20.3,0.16405409104368057
2031,20.31,0.16189446476996996
2032,20.32,0.15974634351185601
2033,20.330000000000002,0.15760940442396598
2034,20.34,0.1554833243350111
2035,20.35,0.15336777968482054
2036,20.36,0.15126244646061815
2037,20.37,0.14916700012676096
2038,20.38,0.14708111555148543
2039,20.39,0.14500446692946978
2040,20.400000000000002,0.14293672770037724
2041,20.41,0.14087757046337976
2042,20.42,0.1388266668876128
2043,20.43,0.13678368761857904
2044,20.44,0.1347483021804322
2045,20.45,0.13272017887409152
2046,20.46,0.13069898467116217
2047,20.47,0.12868438510358357
2048,20.48,0.12667604414893816
2049,20.490000000000002,0.12467362411135355
2050,20.5,0.12267678549789825
2051,20.51,0.120685186890378
2052,20.52,0.11869848481244792
2053,20.53,0.11671633359191097
2054,20.54,0.11473838521806635
2055,20.55,0.11276428919402567
2056,20.56,0.11079369238377956
2057,20.57,0.10882623885362955
2058,20.580000000000002,0.10686156970950404
2059,20.59,0.10489932292593503
2060,20.6,0.10293913317162319
2061,20.61,0.10098063162774457
2062,20.62,0.09902344580020447
2063,20.63,0.09706719932535983
2064,20.64,0.09511151176899009
2065,20.650000000000002,0.09315599841826698
2066,20.66,0.09120027006644849
2067,20.67,0.08924393279002084
2068,20.68,0.0872865877179941
2069,20.69,0.08532783079303734
2070,20.7,0.08336725252411566
2071,20.71,0.0814044377302822
2072,20.72,0.07943896527526977
2073,20.73,0.07747040779246119
2074,20.740000000000002,0.07549833139987398
2075,20.75,0.07352229540467745
2076,20.76,0.0715418519968248
2077,20.77,0.06955654593129872
2078,20.78,0.06756591419847438
2079,20.79,0.06556948568205795
2080,20.8,0.06356678080403579
2081,20.81,0.06155731115605769
2082,20.82,0.059540579116606804
2083,20.830000000000002,0.05751607745331749
2084,20.84,0.05548328890971498
2085,20.85,0.05344168577568543
2086,20.86,0.05139072944086467
2087,20.87,0.04932986993015935
2088,20.88,0.04725854542050738
2089,20.89,0.045176181738004986
2090,20.900000000000002,0.04308219183441648
2091,20.91,0.040975975242062035
2092,20.92,0.03885691750601717
2093,20.93,0.03672438959249024
2094,20.94,0.034577747272194766
2095,20.95,0.03241633047744379
2096,20.96,0.03023946263163701
2097,20.97,0.02804644994975733
2098,20.98,0.025836580708346032
2099,20.990000000000002,0.023609124483408017
2100,21.0,0.021363331354588403
2101,21.01,0.019098431073817895
2102,21.02,0.016813632196626842
2103,21.03,0.014508121174061415
2104,21.04,0.01218106140319537
2105,21.05,0.009831592233922923
2106,21.06,0.00745882792956202
2107,21.07,0.005061856576099267
2108,21.080000000000002,0.00294407424953449
2109,21.09,0.0029315427447496535
2110,21.1,0.0029187950518184277
2111,21.11,0.0029058286559589417
2112,21.12,0.002892641017402386
2113,21.13,0.0028792295711897054
2114,21.14,0.002865591727012729
2115,21.150000000000002,0.0028517248690594983
2116,21.16,0.002837626355862299
2117,21.17,0.002823293520147482
2118,21.18,0.002808723668687724
2119,21.19,0.002793914082156652
2120,21.2,0.0027788620149862856
2121,21.21,0.0027635646952267902
2122,21.22,0.002748019324409327
2123,21.23,0.0027322230774117803
2124,21.240000000000002,0.00271617310232755
2125,21.25,0.0026998665203378123
2126,21.26,0.002683300425586874
2127,21.27,0.0026664718850613715
2128,21.28,0.002649377938473052
2129,21.29,0.002632015598145649
2130,21.3,0.002614381848905369
2131,21.31,0.0025964736479763485
2132,21.32,0.002578287924879683
2133,21.330000000000002,0.0025598215813378536
2134,21.34,0.0025410714911834023
2135,21.35,0.0025220345002726586
2136,21.36,0.002502707426405053
2137,21.37,0.0024830870592471997
2138,21.38,0.002463170160263084
2139,21.39,0.0024429534626497465
2140,21.400000000000002,0.0024224336712790964
2141,21.41,0.0024016074626460144
2142,21.42,0.0023804714848227075
2143,21.43,0.0023590223574200147
2144,21.44,0.0023372566715556212
2145,21.45,0.0023151709898291775
2146,21.46,0.0022927618463051756
2147,21.47,0.002270025746503411
2148,21.48,0.002246959167397201
2149,21.490000000000002,0.002223558557420149
2150,21.5,0.0021998203364811605
2151,21.51,0.0021757408959881446
2152,21.52,0.002151316598881186
2153,21.53,0.0021265437796744277
2154,21.54,0.0021014187445082765
2155,21.55,0.0020759377712107705
2156,21.56,0.0020500971093699513
2157,21.57,0.0020238929804163165
2158,21.580000000000002,0.0019973215777163277
2159,21.59,0.0019703790666770974
2160,21.6,0.0019430615848624777
2161,21.61,0.001915365242121417
2162,21.62,0.0018872861207280536
2163,21.63,0.001858820275534812
2164,21.64,0.0018299637341381535
2165,21.650000000000002,0.0018007124970579615
2166,21.66,0.0017710625379301853
2167,21.67,0.001741009803713816
2168,21.68,0.0017105502149125712
2169,21.69,0.00167967966581077
2170,21.7,0.0016483940247251328
2171,21.71,0.001616689134271773
2172,21.72,0.0015845608116495634
2173,21.73,0.0015520048489397664
2174,21.740000000000002,0.001519017013422869
2175,21.75,0.0014855930479124898
2176,21.76,0.0014517286711072583
2177,21.77,0.0014174195779609025
2178,21.78,0.0013826614400710819
2179,21.79,0.0013474499060872783
2180,21.8,0.0013117806021384364
2181,21.81,0.0012756491322807246
2182,21.82,0.0012390510789657668
2183,21.830000000000002,0.0012019820035301073
2184,21.84,0.0011644374467061041
2185,21.85,0.0011264129291549245
2186,21.86,0.001087903952022292
2187,21.87,0.0010489059975170548
2188,21.88,0.0010094145295136672
2189,21.89,0.0009694249941783304
2190,21.900000000000002,0.0009289328206202895
2191,21.91,0.0008879334215682328
2192,21.92,0.0008464221940719067
2193,21.93,0.0008043945202308586
2194,21.94,0.0007618457679491253
2195,21.95,0.000718771291717947
2196,21.96,0.0006751664334260567
2197,21.97,0.0006310265231986284
2198,21.98,0.0005863468802650235
2199,21.990000000000002,0.0005411228138564559
2200,22.0,0.0004953496241337896
2201,22.01,0.0004490226031455587
2202,22.02,0.0004021370358183474
2203,22.03,0.00035468820097806945
2204,22.04,0.00030667137240412864
2205,22.05,0.0002580818199168132
2206,22.06,0.00020891481049805093
2207,22.07,0.00015916560944627994
2208,22.080000000000002,0.00010882948156662716
2209,22.09,5.790169241831316e-05
2210,22.1,1.8980526461081745e-05
2211,22.11,1.9000890889937096e-05
2212,22.12,1.9021455445387604e-05
2213,22.13,1.9042222494451718e-05
2214,22.14,1.906319444448415e-05
2215,22.150000000000002,1.908437374389522e-05
2216,22.16,1.910576288308107e-05
2217,22.17,1.9127364395510177e-05
2218,22.18,1.9149180858435547e-05
2219,22.19,1.9171214894110038e-05
2220,22.2,1.919346917064016e-05
2221,22.21,1.92159464029556e-05
2222,22.22,1.9238649354070932e-05
2223,22.23,1.9261580836021753e-05
2224,22.240000000000002,1.928474371102759e-05
2225,22.25,1.930814089262019e-05
2226,22.26,1.9331775346829782e-05
2227,22.27,1.9355650093405252e-05
2228,22.28,1.9379768207109848e-05
2229,22.29,1.9404132818971136e-05
2230,22.3,1.942874711745288e-05
2231,22.31,1.945361435014042e-05
2232,22.32,1.9478737824794685e-05
2233,22.330000000000002,1.950412091106322e-05
2234,22.34,1.952976704173898e-05
2235,22.35,1.9555679714490478e-05
2236,22.36,1.9581862493218763e-05
2237,22.37,1.9608319009881048e-05
2238,22.38,1.963505296602905e-05
2239,22.39,1.9662068134496752e-05
2240,22.400000000000002,1.968936836131827e-05
2241,22.41,1.9716957567312656e-05
2242,22.42,1.974483975027765e-05
2243,22.43,1.9773018986517482e-05
2244,22.44,1.9801499433247338e-05
2245,22.45,1.9830285330345514e-05
2246,22.46,1.9859381002611277e-05
2247,22.47,1.9888790861873054e-05
2248,22.48,1.9918519409369557e-05
2249,22.490000000000002,1.9948571237918847e-05
2250,22.5,1.997895103441232e-05
2251,22.51,2.0009663582163056e-05
2252,22.52,2.0040713763784325e-05
2253,22.53,2.007210656335999e-05
2254,22.54,2.010384706945763e-05
2255,22.55,2.0135940478044637e-05
2256,22.56,2.0168392095062518e-05
2257,22.57,2.020120733974494e-05
2258,22.580000000000002,2.0234391747416803e-05
2259,22.59,2.026795097291725e-05
2260,22.6,2.03018907940204e-05
2261,22.61,2.0336217114551326e-05
2262,22.62,2.0370935968029274e-05
2263,22.63,2.0406053521501268e-05
2264,22.64,2.0441576079258047e-05
2265,22.650000000000002,2.0477510086550134e-05
2266,22.66,2.051386213392382e-05
2267,22.67,2.0550638961381965e-05
2268,22.68,2.0587847462583847e-05
2269,22.69,2.0625494689526294e-05
2270,22.7,2.0663587857065122e-05
2271,22.71,2.0702134347950627e-05
2272,22.72,2.0741141717675877e-05
2273,22.73,2.0780617699768072e-05
2274,22.740000000000002,2.0820570211136484e-05
2275,22.75,2.0861007357679196e-05
2276,22.76,2.0901937440176502e-05
2277,22.77,2.0943368960167695e-05
2278,22.78,2.098531062624996e-05
2279,22.79,2.1027771360717803e-05
2280,22.8,2.1070760306029692e-05
2281,22.81,2.1114286832139737e-05
2282,22.82,2.115836054343112e-05
2283,22.830000000000002,2.1202991286504702e-05
2284,22.84,2.1248189157979882e-05
2285,22.85,2.1293964512648464e-05
2286,22.86,2.1340327972017233e-05
2287,22.87,2.1387290433065364e-05
2288,22.88,2.1434863077464025e-05
2289,22.89,2.148305738135276e-05
2290,22.900000000000002,2.153188512498003e-05
2291,22.91,2.158135840326044e-05
2292,22.92,2.1631489636775783e-05
2293,22.93,2.1682291582639005e-05
2294,22.94,2.1733777346678055e-05
2295,22.95,2.1785960395436364e-05
2296,22.96,2.1838854568974138e-05
2297,22.97,2.1892474094391064e-05
2298,22.98,2.1946833599604237e-05
2299,22.990000000000002,2.200194812795002e-05
